"Profile","Id","Path","Slice Name","Alias(s)","Label","Min","Max","Must Support?","Is Modifier?","Is Summary?","Type(s)","Short","Definition","Comments","Requirements","Default Value","Meaning When Missing","Fixed Value","Pattern","Example","Minimum Value","Maximum Value","Maximum Length","Binding Strength","Binding Description","Binding Value Set","Code","Slicing Discriminator","Slicing Description","Slicing Ordered","Slicing Rules","Base Path","Base Min","Base Max","Condition(s)","Constraint(s)"
"MyModel","MyModel","MyModel","","","",0,*,"","","","null {[]} {[]}
","Logical Model","Logical Model","","","","","","","","","",,,,,"",,,,"Base",0,*,"",""
"MyModel","MyModel.d1","MyModel.d1","","","",0,1,"","","","Extension {[CanonicalType[http://hl7.org/fhir/StructureDefinition/elementdefinition-identifier]]} {[]}
","element","element","","","","","","","","","",,,,,"",,,,"MyModel.d1",0,1,"",""
"MyModel","MyModel.d2","MyModel.d2","","","",0,1,"","","","Extension {[CanonicalType[http://hl7.org/fhir/StructureDefinition/elementdefinition-identifier]]} {[]}
","element","element","","","","","","","","","",,,,,"",,,,"MyModel.d2",0,1,"",""
"MyModel","MyModel.d3","MyModel.d3","","","",0,1,"","","","Extension {[CanonicalType[http://hl7.org/fhir/StructureDefinition/elementdefinition-identifier]]} {[]}
","element","element","","","","","","","","","",,,,,"",,,,"MyModel.d3",0,1,"",""
